{"Inference FLOPs": 0.1732896252555758, "Avg Inference FLOPs": 0.1732896252555758, "layer-wise-density_table": {"_type": "table-file", "sha256": "07f2aead75dd538701b72f472cdf562b4ed432dc2e9296fdcd8382c8afc90169", "size": 50, "artifact_path": "wandb-client-artifact://o6vxjo0ojshta7quidr9zt7zxuyrylx45fgz8iv18uh3bw6hnz09b1o2e174tjtl3fjjiqh22uvz10lfhltc1ath0031eng9eu84xtxiwm6y1ygl8435ct0tfna1a2sl:latest/layer-wise-density_table.table.json", "_latest_artifact_path": "wandb-client-artifact://o6vxjo0ojshta7quidr9zt7zxuyrylx45fgz8iv18uh3bw6hnz09b1o2e174tjtl3fjjiqh22uvz10lfhltc1ath0031eng9eu84xtxiwm6y1ygl8435ct0tfna1a2sl:latest/layer-wise-density_table.table.json", "path": "media/table/layer-wise-density_table_301_07f2aead75dd538701b7.table.json", "ncols": 2, "nrows": 0}, "_timestamp": 1651345162, "_runtime": 91, "_step": 352, "train_loss": 1.3057680130004883, "lr": 0.1, "prune_rate": 0.3, "density": 0.10013352994487944, "_wandb": {"runtime": 92}}