{"train_loss": 1.9928323030471802, "gobal_step": 353, "_timestamp": 1651321388, "_runtime": 123, "_step": 8, "train_FLOPS": 45468704512, "EPOCH": 0, "val_loss": 2.0419334024190903, "val_accuracy": 0.125, "val_top_5_accuracy": 0.875, "_wandb": {"runtime": 151}}