{"Inference FLOPs": 0.1732896252555758, "Avg Inference FLOPs": 0.1732896252555758, "layer-wise-density_table": {"_type": "table-file", "sha256": "07f2aead75dd538701b72f472cdf562b4ed432dc2e9296fdcd8382c8afc90169", "size": 50, "artifact_path": "wandb-client-artifact://xqis15f9jhiywz6m8s57orymlnnpn02v8f6h0za8e0b6d43wp9wqzrfdt5g8hjmw4ta5gv05520wpbw3ldjcw6zqygpr85j72ccwxfmk1a3i8mmn79j6xkmxqhvd9mpk:latest/layer-wise-density_table.table.json", "_latest_artifact_path": "wandb-client-artifact://xqis15f9jhiywz6m8s57orymlnnpn02v8f6h0za8e0b6d43wp9wqzrfdt5g8hjmw4ta5gv05520wpbw3ldjcw6zqygpr85j72ccwxfmk1a3i8mmn79j6xkmxqhvd9mpk:latest/layer-wise-density_table.table.json", "path": "media/table/layer-wise-density_table_301_07f2aead75dd538701b7.table.json", "ncols": 2, "nrows": 0}, "_timestamp": 1651346133, "_runtime": 93, "_step": 352, "train_loss": 1.2733229398727417, "lr": 0.1, "prune_rate": 0.3, "density": 0.10013352994487944, "_wandb": {"runtime": 94}}